Average,Contact_Number,Date,Destination,Duration,Highest,Lowest,Rating,Seat_Type,Source,Status,Time
2360,+91 7838149462,11-03-2026,Mumbai,3h 15m,2513,2208,4.5/5,AC Seater,Pune,Available,11:34 PM
2489,+91 6585928086,11-03-2026,Pune,3h 30m,2640,2338,4.2/5,Volvo AC,Mumbai,Available,11:34 PM
2837,+91 7527114894,11-03-2026,Pune,4h 45m,3032,2643,4.0/5,AC Sleeper,Kolhapur,Available,11:34 PM
2533,+91 6223855776,11-03-2026,Nashik,4h 15m,2725,2341,3.8/5,Non-AC,SambhajiNagar,Available,11:34 PM
2516,+91 9987455504,11-03-2026,Pune,5h 00m,2754,2278,4.3/5,AC Sleeper,Nashik,Available,11:34 PM
2198,+91 7265085990,11-03-2026,Mumbai,8h 30m,2450,1946,4.1/5,Luxury AC,Solapur,Available,11:34 PM
2011,+91 6002918509,11-03-2026,Mumbai,14h 00m,2264,1759,4.4/5,Multi-Axle,Nagpur,Available,11:34 PM
2882,+91 8097667835,11-03-2026,Mumbai,7h 45m,3167,2598,3.9/5,Non-AC,Dhule,Available,11:34 PM
2913,+91 9459987208,10-03-2026,Mumbai,3h 15m,3110,2717,4.5/5,AC Seater,Pune,Available,11:34 PM
1952,+91 8172210727,10-03-2026,Pune,3h 30m,2223,1681,4.2/5,Volvo AC,Mumbai,Available,11:34 PM
2075,+91 7715959482,10-03-2026,Pune,4h 45m,2270,1880,4.0/5,AC Sleeper,Kolhapur,Available,11:34 PM
1953,+91 6860926097,10-03-2026,Nashik,4h 15m,2222,1685,3.8/5,Non-AC,SambhajiNagar,Available,11:34 PM
3199,+91 7797606347,10-03-2026,Pune,5h 00m,3447,2951,4.3/5,AC Sleeper,Nashik,Available,11:34 PM
2464,+91 6103475877,10-03-2026,Mumbai,8h 30m,2678,2251,4.1/5,Luxury AC,Solapur,Available,11:34 PM
2482,+91 7179458926,10-03-2026,Mumbai,14h 00m,2684,2281,4.4/5,Multi-Axle,Nagpur,Available,11:34 PM
1964,+91 6898521496,10-03-2026,Mumbai,7h 45m,2210,1718,3.9/5,Non-AC,Dhule,Available,11:34 PM
3056,+91 6602754751,09-03-2026,Mumbai,3h 15m,3355,2757,4.5/5,AC Seater,Pune,Available,11:34 PM
1997,+91 9389051462,09-03-2026,Pune,3h 30m,2268,1726,4.2/5,Volvo AC,Mumbai,Available,11:34 PM
2606,+91 9528411638,09-03-2026,Pune,4h 45m,2838,2375,4.0/5,AC Sleeper,Kolhapur,Available,11:34 PM
1812,+91 7946393932,09-03-2026,Nashik,4h 15m,1977,1648,3.8/5,Non-AC,SambhajiNagar,Available,11:34 PM
1835,+91 9579451950,09-03-2026,Pune,5h 00m,2133,1537,4.3/5,AC Sleeper,Nashik,Available,11:34 PM
2948,+91 6145512481,09-03-2026,Mumbai,8h 30m,3205,2692,4.1/5,Luxury AC,Solapur,Available,11:34 PM
1738,+91 9555680405,09-03-2026,Mumbai,14h 00m,1919,1558,4.4/5,Multi-Axle,Nagpur,Available,11:34 PM
2620,+91 7542740799,09-03-2026,Mumbai,7h 45m,2903,2338,3.9/5,Non-AC,Dhule,Available,11:34 PM
3239,+91 7858883418,08-03-2026,Mumbai,3h 15m,3539,2939,4.5/5,AC Seater,Pune,Available,11:34 PM
2637,+91 9968982671,08-03-2026,Pune,3h 30m,2828,2447,4.2/5,Volvo AC,Mumbai,Available,11:34 PM
3005,+91 8760624843,08-03-2026,Pune,4h 45m,3278,2732,4.0/5,AC Sleeper,Kolhapur,Available,11:34 PM
2592,+91 7082418499,08-03-2026,Nashik,4h 15m,2789,2396,3.8/5,Non-AC,SambhajiNagar,Available,11:34 PM
1798,+91 6986902128,08-03-2026,Pune,5h 00m,2049,1547,4.3/5,AC Sleeper,Nashik,Available,11:34 PM
2091,+91 8936782549,08-03-2026,Mumbai,8h 30m,2371,1812,4.1/5,Luxury AC,Solapur,Available,11:34 PM
2573,+91 8641586555,08-03-2026,Mumbai,14h 00m,2855,2292,4.4/5,Multi-Axle,Nagpur,Available,11:34 PM
2548,+91 8786744413,08-03-2026,Mumbai,7h 45m,2703,2394,3.9/5,Non-AC,Dhule,Available,11:34 PM
2132,+91 7329106428,07-03-2026,Mumbai,3h 15m,2385,1879,4.5/5,AC Seater,Pune,Available,11:34 PM
3108,+91 6811034008,07-03-2026,Pune,3h 30m,3276,2940,4.2/5,Volvo AC,Mumbai,Available,11:34 PM
3081,+91 7765263501,07-03-2026,Pune,4h 45m,3245,2918,4.0/5,AC Sleeper,Kolhapur,Available,11:34 PM
2115,+91 9937425933,07-03-2026,Nashik,4h 15m,2302,1928,3.8/5,Non-AC,SambhajiNagar,Available,11:34 PM
1968,+91 8916166750,07-03-2026,Pune,5h 00m,2243,1693,4.3/5,AC Sleeper,Nashik,Available,11:34 PM
2701,+91 6017829536,07-03-2026,Mumbai,8h 30m,2909,2494,4.1/5,Luxury AC,Solapur,Available,11:34 PM
2482,+91 9877055113,07-03-2026,Mumbai,14h 00m,2738,2227,4.4/5,Multi-Axle,Nagpur,Available,11:34 PM
3175,+91 9073596516,07-03-2026,Mumbai,7h 45m,3466,2884,3.9/5,Non-AC,Dhule,Available,11:34 PM
3020,+91 7750136260,06-03-2026,Mumbai,3h 15m,3230,2811,4.5/5,AC Seater,Pune,Available,11:34 PM
1880,+91 7854161105,06-03-2026,Pune,3h 30m,2047,1713,4.2/5,Volvo AC,Mumbai,Available,11:34 PM
3221,+91 8319789674,06-03-2026,Pune,4h 45m,3517,2925,4.0/5,AC Sleeper,Kolhapur,Available,11:34 PM
1836,+91 9319074360,06-03-2026,Nashik,4h 15m,2118,1555,3.8/5,Non-AC,SambhajiNagar,Available,11:34 PM
1790,+91 6001754935,06-03-2026,Pune,5h 00m,1969,1612,4.3/5,AC Sleeper,Nashik,Available,11:34 PM
1870,+91 9249872040,06-03-2026,Mumbai,8h 30m,2123,1617,4.1/5,Luxury AC,Solapur,Available,11:34 PM
2987,+91 7725620351,06-03-2026,Mumbai,14h 00m,3151,2824,4.4/5,Multi-Axle,Nagpur,Available,11:34 PM
2035,+91 6822323986,06-03-2026,Mumbai,7h 45m,2257,1814,3.9/5,Non-AC,Dhule,Available,11:34 PM
2703,+91 8258172255,05-03-2026,Mumbai,3h 15m,2981,2425,4.5/5,AC Seater,Pune,Available,11:34 PM
2468,+91 9254982120,05-03-2026,Pune,3h 30m,2719,2218,4.2/5,Volvo AC,Mumbai,Available,11:34 PM
2321,+91 9658687335,05-03-2026,Pune,4h 45m,2495,2148,4.0/5,AC Sleeper,Kolhapur,Available,11:34 PM
1829,+91 7157590210,05-03-2026,Nashik,4h 15m,2109,1549,3.8/5,Non-AC,SambhajiNagar,Available,11:34 PM
2095,+91 8654588318,05-03-2026,Pune,5h 00m,2343,1847,4.3/5,AC Sleeper,Nashik,Available,11:34 PM
2371,+91 9960174280,05-03-2026,Mumbai,8h 30m,2642,2101,4.1/5,Luxury AC,Solapur,Available,11:34 PM
3027,+91 6613012445,05-03-2026,Mumbai,14h 00m,3276,2778,4.4/5,Multi-Axle,Nagpur,Available,11:34 PM
2453,+91 7801973584,05-03-2026,Mumbai,7h 45m,2690,2217,3.9/5,Non-AC,Dhule,Available,11:34 PM
1880,+91 6342467297,04-03-2026,Mumbai,3h 15m,2105,1656,4.5/5,AC Seater,Pune,Available,11:34 PM
3078,+91 9186099975,04-03-2026,Pune,3h 30m,3336,2820,4.2/5,Volvo AC,Mumbai,Available,11:34 PM
2211,+91 9773815055,04-03-2026,Pune,4h 45m,2414,2009,4.0/5,AC Sleeper,Kolhapur,Available,11:34 PM
2759,+91 8629107105,04-03-2026,Nashik,4h 15m,2922,2597,3.8/5,Non-AC,SambhajiNagar,Available,11:34 PM
2454,+91 8359401011,04-03-2026,Pune,5h 00m,2673,2236,4.3/5,AC Sleeper,Nashik,Available,11:34 PM
2316,+91 6954103882,04-03-2026,Mumbai,8h 30m,2506,2127,4.1/5,Luxury AC,Solapur,Available,11:34 PM
2241,+91 8305217321,04-03-2026,Mumbai,14h 00m,2519,1964,4.4/5,Multi-Axle,Nagpur,Available,11:34 PM
1754,+91 9190509846,04-03-2026,Mumbai,7h 45m,1979,1530,3.9/5,Non-AC,Dhule,Available,11:34 PM
1956,+91 8233614706,03-03-2026,Mumbai,3h 15m,2216,1697,4.5/5,AC Seater,Pune,Available,11:34 PM
2524,+91 7299522340,03-03-2026,Pune,3h 30m,2800,2249,4.2/5,Volvo AC,Mumbai,Available,11:34 PM
1917,+91 6664532928,03-03-2026,Pune,4h 45m,2085,1749,4.0/5,AC Sleeper,Kolhapur,Available,11:34 PM
2849,+91 6618640940,03-03-2026,Nashik,4h 15m,3081,2618,3.8/5,Non-AC,SambhajiNagar,Available,11:34 PM
1855,+91 9694476012,03-03-2026,Pune,5h 00m,2064,1647,4.3/5,AC Sleeper,Nashik,Available,11:34 PM
2952,+91 6240069580,03-03-2026,Mumbai,8h 30m,3140,2764,4.1/5,Luxury AC,Solapur,Available,11:34 PM
2505,+91 6399406864,03-03-2026,Mumbai,14h 00m,2677,2333,4.4/5,Multi-Axle,Nagpur,Available,11:34 PM
2301,+91 7789073480,03-03-2026,Mumbai,7h 45m,2475,2127,3.9/5,Non-AC,Dhule,Available,11:34 PM
1801,+91 9130610429,02-03-2026,Mumbai,3h 15m,1963,1640,4.5/5,AC Seater,Pune,Available,11:34 PM
2314,+91 7553854947,02-03-2026,Pune,3h 30m,2500,2129,4.2/5,Volvo AC,Mumbai,Available,11:34 PM
2282,+91 6090502864,02-03-2026,Pune,4h 45m,2566,1999,4.0/5,AC Sleeper,Kolhapur,Available,11:34 PM
1916,+91 7379546681,02-03-2026,Nashik,4h 15m,2097,1736,3.8/5,Non-AC,SambhajiNagar,Available,11:34 PM
2428,+91 7110947581,02-03-2026,Pune,5h 00m,2635,2221,4.3/5,AC Sleeper,Nashik,Available,11:34 PM
3094,+91 8991169673,02-03-2026,Mumbai,8h 30m,3275,2913,4.1/5,Luxury AC,Solapur,Available,11:34 PM
2111,+91 6460219831,02-03-2026,Mumbai,14h 00m,2319,1904,4.4/5,Multi-Axle,Nagpur,Available,11:34 PM
1709,+91 9275627339,02-03-2026,Mumbai,7h 45m,1912,1506,3.9/5,Non-AC,Dhule,Available,11:34 PM
2200,+91 6259657104,01-03-2026,Mumbai,3h 15m,2427,1974,4.5/5,AC Seater,Pune,Available,11:34 PM
2262,+91 6080687969,01-03-2026,Pune,3h 30m,2492,2033,4.2/5,Volvo AC,Mumbai,Available,11:34 PM
1795,+91 9423678891,01-03-2026,Pune,4h 45m,1983,1608,4.0/5,AC Sleeper,Kolhapur,Available,11:34 PM
2482,+91 8040363283,01-03-2026,Nashik,4h 15m,2763,2201,3.8/5,Non-AC,SambhajiNagar,Available,11:34 PM
1986,+91 6092431583,01-03-2026,Pune,5h 00m,2227,1745,4.3/5,AC Sleeper,Nashik,Available,11:34 PM
2256,+91 6445580716,01-03-2026,Mumbai,8h 30m,2550,1962,4.1/5,Luxury AC,Solapur,Available,11:34 PM
2378,+91 6829896023,01-03-2026,Mumbai,14h 00m,2594,2163,4.4/5,Multi-Axle,Nagpur,Available,11:34 PM
2854,+91 6223213191,01-03-2026,Mumbai,7h 45m,3153,2556,3.9/5,Non-AC,Dhule,Available,11:34 PM
2147,+91 9477585229,28-02-2026,Mumbai,3h 15m,2413,1882,4.5/5,AC Seater,Pune,Available,11:34 PM
1963,+91 9260223901,28-02-2026,Pune,3h 30m,2257,1669,4.2/5,Volvo AC,Mumbai,Available,11:34 PM
2913,+91 7421716372,28-02-2026,Pune,4h 45m,3091,2736,4.0/5,AC Sleeper,Kolhapur,Available,11:34 PM
1939,+91 8270699165,28-02-2026,Nashik,4h 15m,2173,1706,3.8/5,Non-AC,SambhajiNagar,Available,11:34 PM
1960,+91 8832181905,28-02-2026,Pune,5h 00m,2248,1673,4.3/5,AC Sleeper,Nashik,Available,11:34 PM
2441,+91 6969194304,28-02-2026,Mumbai,8h 30m,2595,2288,4.1/5,Luxury AC,Solapur,Available,11:34 PM
2486,+91 7492449990,28-02-2026,Mumbai,14h 00m,2710,2262,4.4/5,Multi-Axle,Nagpur,Available,11:34 PM
1915,+91 6538162558,28-02-2026,Mumbai,7h 45m,2200,1631,3.9/5,Non-AC,Dhule,Available,11:34 PM
3126,+91 7979947823,27-02-2026,Mumbai,3h 15m,3390,2862,4.5/5,AC Seater,Pune,Available,11:34 PM
2323,+91 9409090238,27-02-2026,Pune,3h 30m,2622,2025,4.2/5,Volvo AC,Mumbai,Available,11:34 PM
2787,+91 8177497496,27-02-2026,Pune,4h 45m,2971,2604,4.0/5,AC Sleeper,Kolhapur,Available,11:34 PM
2818,+91 9612216958,27-02-2026,Nashik,4h 15m,3066,2570,3.8/5,Non-AC,SambhajiNagar,Available,11:34 PM
3146,+91 8756735015,27-02-2026,Pune,5h 00m,3336,2957,4.3/5,AC Sleeper,Nashik,Available,11:34 PM
2889,+91 8005623042,27-02-2026,Mumbai,8h 30m,3125,2653,4.1/5,Luxury AC,Solapur,Available,11:34 PM
2930,+91 6179073608,27-02-2026,Mumbai,14h 00m,3122,2739,4.4/5,Multi-Axle,Nagpur,Available,11:34 PM
2937,+91 9947031599,27-02-2026,Mumbai,7h 45m,3127,2748,3.9/5,Non-AC,Dhule,Available,11:34 PM
2764,+91 8225969295,26-02-2026,Mumbai,3h 15m,2980,2548,4.5/5,AC Seater,Pune,Available,11:34 PM
2759,+91 9519394334,26-02-2026,Pune,3h 30m,2912,2607,4.2/5,Volvo AC,Mumbai,Available,11:34 PM
2540,+91 6389567189,26-02-2026,Pune,4h 45m,2750,2330,4.0/5,AC Sleeper,Kolhapur,Available,11:34 PM
2352,+91 9094370766,26-02-2026,Nashik,4h 15m,2508,2196,3.8/5,Non-AC,SambhajiNagar,Available,11:34 PM
2488,+91 7811352876,26-02-2026,Pune,5h 00m,2670,2307,4.3/5,AC Sleeper,Nashik,Available,11:34 PM
2820,+91 9371732904,26-02-2026,Mumbai,8h 30m,3087,2554,4.1/5,Luxury AC,Solapur,Available,11:34 PM
2608,+91 9686345986,26-02-2026,Mumbai,14h 00m,2861,2355,4.4/5,Multi-Axle,Nagpur,Available,11:34 PM
2223,+91 6456885201,26-02-2026,Mumbai,7h 45m,2383,2063,3.9/5,Non-AC,Dhule,Available,11:34 PM
3002,+91 9037670577,25-02-2026,Mumbai,3h 15m,3163,2842,4.5/5,AC Seater,Pune,Available,11:34 PM
2300,+91 9517242331,25-02-2026,Pune,3h 30m,2484,2116,4.2/5,Volvo AC,Mumbai,Available,11:34 PM
2656,+91 9011679836,25-02-2026,Pune,4h 45m,2845,2467,4.0/5,AC Sleeper,Kolhapur,Available,11:34 PM
1995,+91 8396404642,25-02-2026,Nashik,4h 15m,2160,1831,3.8/5,Non-AC,SambhajiNagar,Available,11:34 PM
2932,+91 7100924037,25-02-2026,Pune,5h 00m,3218,2646,4.3/5,AC Sleeper,Nashik,Available,11:34 PM
1761,+91 6672757339,25-02-2026,Mumbai,8h 30m,1992,1531,4.1/5,Luxury AC,Solapur,Available,11:34 PM
2812,+91 7366666102,25-02-2026,Mumbai,14h 00m,3050,2574,4.4/5,Multi-Axle,Nagpur,Available,11:34 PM
2419,+91 9433186911,25-02-2026,Mumbai,7h 45m,2571,2268,3.9/5,Non-AC,Dhule,Available,11:34 PM
2429,+91 6619929887,24-02-2026,Mumbai,3h 15m,2715,2143,4.5/5,AC Seater,Pune,Available,11:34 PM
2339,+91 8938446552,24-02-2026,Pune,3h 30m,2609,2070,4.2/5,Volvo AC,Mumbai,Available,11:34 PM
1793,+91 7072642165,24-02-2026,Pune,4h 45m,2046,1541,4.0/5,AC Sleeper,Kolhapur,Available,11:34 PM
3269,+91 9885050087,24-02-2026,Nashik,4h 15m,3566,2973,3.8/5,Non-AC,SambhajiNagar,Available,11:34 PM
2145,+91 6615799912,24-02-2026,Pune,5h 00m,2361,1930,4.3/5,AC Sleeper,Nashik,Available,11:34 PM
2512,+91 7059659980,24-02-2026,Mumbai,8h 30m,2785,2239,4.1/5,Luxury AC,Solapur,Available,11:34 PM
3237,+91 8033490360,24-02-2026,Mumbai,14h 00m,3490,2984,4.4/5,Multi-Axle,Nagpur,Available,11:34 PM
2897,+91 6626872631,24-02-2026,Mumbai,7h 45m,3052,2743,3.9/5,Non-AC,Dhule,Available,11:34 PM
1985,+91 7208275697,23-02-2026,Mumbai,3h 15m,2249,1722,4.5/5,AC Seater,Pune,Available,11:34 PM
1927,+91 8315466641,23-02-2026,Pune,3h 30m,2089,1766,4.2/5,Volvo AC,Mumbai,Available,11:34 PM
1889,+91 8811441501,23-02-2026,Pune,4h 45m,2121,1657,4.0/5,AC Sleeper,Kolhapur,Available,11:34 PM
2834,+91 8403867367,23-02-2026,Nashik,4h 15m,3050,2619,3.8/5,Non-AC,SambhajiNagar,Available,11:34 PM
2791,+91 6009816561,23-02-2026,Pune,5h 00m,3045,2537,4.3/5,AC Sleeper,Nashik,Available,11:34 PM
2342,+91 7934022882,23-02-2026,Mumbai,8h 30m,2571,2113,4.1/5,Luxury AC,Solapur,Available,11:34 PM
2853,+91 9135908816,23-02-2026,Mumbai,14h 00m,3011,2696,4.4/5,Multi-Axle,Nagpur,Available,11:34 PM
2886,+91 6809586625,23-02-2026,Mumbai,7h 45m,3120,2652,3.9/5,Non-AC,Dhule,Available,11:34 PM
1948,+91 7302881715,22-02-2026,Mumbai,3h 15m,2144,1752,4.5/5,AC Seater,Pune,Available,11:34 PM
3009,+91 9596494418,22-02-2026,Pune,3h 30m,3244,2774,4.2/5,Volvo AC,Mumbai,Available,11:34 PM
2036,+91 8224504140,22-02-2026,Pune,4h 45m,2254,1819,4.0/5,AC Sleeper,Kolhapur,Available,11:34 PM
2714,+91 6410785478,22-02-2026,Nashik,4h 15m,2909,2520,3.8/5,Non-AC,SambhajiNagar,Available,11:34 PM
1682,+91 6872679190,22-02-2026,Pune,5h 00m,1860,1505,4.3/5,AC Sleeper,Nashik,Available,11:34 PM
2296,+91 7711876735,22-02-2026,Mumbai,8h 30m,2568,2025,4.1/5,Luxury AC,Solapur,Available,11:34 PM
1777,+91 7527718579,22-02-2026,Mumbai,14h 00m,2044,1510,4.4/5,Multi-Axle,Nagpur,Available,11:34 PM
2348,+91 7297591930,22-02-2026,Mumbai,7h 45m,2532,2164,3.9/5,Non-AC,Dhule,Available,11:34 PM
2544,+91 9956569600,21-02-2026,Mumbai,3h 15m,2790,2299,4.5/5,AC Seater,Pune,Available,11:34 PM
1661,+91 6554012470,21-02-2026,Pune,3h 30m,1820,1502,4.2/5,Volvo AC,Mumbai,Available,11:34 PM
2072,+91 8994980565,21-02-2026,Pune,4h 45m,2354,1790,4.0/5,AC Sleeper,Kolhapur,Available,11:34 PM
2217,+91 6611865638,21-02-2026,Nashik,4h 15m,2467,1968,3.8/5,Non-AC,SambhajiNagar,Available,11:34 PM
2761,+91 9856589084,21-02-2026,Pune,5h 00m,2920,2603,4.3/5,AC Sleeper,Nashik,Available,11:34 PM
2630,+91 8476970198,21-02-2026,Mumbai,8h 30m,2842,2419,4.1/5,Luxury AC,Solapur,Available,11:34 PM
1782,+91 7546589963,21-02-2026,Mumbai,14h 00m,1943,1622,4.4/5,Multi-Axle,Nagpur,Available,11:34 PM
3111,+91 7651591348,21-02-2026,Mumbai,7h 45m,3379,2843,3.9/5,Non-AC,Dhule,Available,11:34 PM
3122,+91 8288189636,20-02-2026,Mumbai,3h 15m,3335,2909,4.5/5,AC Seater,Pune,Available,11:34 PM
3116,+91 7772573056,20-02-2026,Pune,3h 30m,3396,2836,4.2/5,Volvo AC,Mumbai,Available,11:34 PM
1890,+91 9608427753,20-02-2026,Pune,4h 45m,2156,1624,4.0/5,AC Sleeper,Kolhapur,Available,11:34 PM
1801,+91 9407376129,20-02-2026,Nashik,4h 15m,2097,1506,3.8/5,Non-AC,SambhajiNagar,Available,11:34 PM
2145,+91 6036888672,20-02-2026,Pune,5h 00m,2298,1993,4.3/5,AC Sleeper,Nashik,Available,11:34 PM
1717,+91 8046732148,20-02-2026,Mumbai,8h 30m,1907,1528,4.1/5,Luxury AC,Solapur,Available,11:34 PM
2373,+91 7148972887,20-02-2026,Mumbai,14h 00m,2578,2169,4.4/5,Multi-Axle,Nagpur,Available,11:34 PM
2582,+91 6535603791,20-02-2026,Mumbai,7h 45m,2797,2367,3.9/5,Non-AC,Dhule,Available,11:34 PM
1934,+91 9139569274,19-02-2026,Mumbai,3h 15m,2221,1648,4.5/5,AC Seater,Pune,Available,11:34 PM
2716,+91 9165990669,19-02-2026,Pune,3h 30m,3000,2433,4.2/5,Volvo AC,Mumbai,Available,11:34 PM
3088,+91 9849372043,19-02-2026,Pune,4h 45m,3351,2825,4.0/5,AC Sleeper,Kolhapur,Available,11:34 PM
2554,+91 7595549131,19-02-2026,Nashik,4h 15m,2757,2351,3.8/5,Non-AC,SambhajiNagar,Available,11:34 PM
1956,+91 7363884126,19-02-2026,Pune,5h 00m,2250,1662,4.3/5,AC Sleeper,Nashik,Available,11:34 PM
2322,+91 9618578218,19-02-2026,Mumbai,8h 30m,2533,2111,4.1/5,Luxury AC,Solapur,Available,11:34 PM
1745,+91 8125859332,19-02-2026,Mumbai,14h 00m,1979,1512,4.4/5,Multi-Axle,Nagpur,Available,11:34 PM
2185,+91 6445078368,19-02-2026,Mumbai,7h 45m,2400,1970,3.9/5,Non-AC,Dhule,Available,11:34 PM
2705,+91 7869853834,18-02-2026,Mumbai,3h 15m,2959,2452,4.5/5,AC Seater,Pune,Available,11:34 PM
2063,+91 7057488688,18-02-2026,Pune,3h 30m,2260,1866,4.2/5,Volvo AC,Mumbai,Available,11:34 PM
1800,+91 9648924235,18-02-2026,Pune,4h 45m,1969,1631,4.0/5,AC Sleeper,Kolhapur,Available,11:34 PM
1959,+91 9839525968,18-02-2026,Nashik,4h 15m,2252,1667,3.8/5,Non-AC,SambhajiNagar,Available,11:34 PM
2812,+91 8116065025,18-02-2026,Pune,5h 00m,3100,2524,4.3/5,AC Sleeper,Nashik,Available,11:34 PM
1795,+91 9434829906,18-02-2026,Mumbai,8h 30m,1997,1593,4.1/5,Luxury AC,Solapur,Available,11:34 PM
3095,+91 9197671342,18-02-2026,Mumbai,14h 00m,3270,2921,4.4/5,Multi-Axle,Nagpur,Available,11:34 PM
2210,+91 8678701396,18-02-2026,Mumbai,7h 45m,2443,1977,3.9/5,Non-AC,Dhule,Available,11:34 PM
2920,+91 9273177750,17-02-2026,Mumbai,3h 15m,3130,2711,4.5/5,AC Seater,Pune,Available,11:34 PM
3021,+91 7938824628,17-02-2026,Pune,3h 30m,3274,2769,4.2/5,Volvo AC,Mumbai,Available,11:34 PM
2796,+91 9875408194,17-02-2026,Pune,4h 45m,3031,2561,4.0/5,AC Sleeper,Kolhapur,Available,11:34 PM
1810,+91 6995633112,17-02-2026,Nashik,4h 15m,2074,1546,3.8/5,Non-AC,SambhajiNagar,Available,11:34 PM
2523,+91 7180839978,17-02-2026,Pune,5h 00m,2784,2263,4.3/5,AC Sleeper,Nashik,Available,11:34 PM
2448,+91 8258896575,17-02-2026,Mumbai,8h 30m,2732,2164,4.1/5,Luxury AC,Solapur,Available,11:34 PM
2808,+91 8089976871,17-02-2026,Mumbai,14h 00m,3046,2571,4.4/5,Multi-Axle,Nagpur,Available,11:34 PM
2822,+91 6323364321,17-02-2026,Mumbai,7h 45m,3030,2614,3.9/5,Non-AC,Dhule,Available,11:34 PM
2792,+91 6348045686,16-02-2026,Mumbai,3h 15m,3065,2519,4.5/5,AC Seater,Pune,Available,11:34 PM
2663,+91 6103859980,16-02-2026,Pune,3h 30m,2937,2389,4.2/5,Volvo AC,Mumbai,Available,11:34 PM
2038,+91 9244339627,16-02-2026,Pune,4h 45m,2229,1847,4.0/5,AC Sleeper,Kolhapur,Available,11:34 PM
2172,+91 9625055654,16-02-2026,Nashik,4h 15m,2386,1958,3.8/5,Non-AC,SambhajiNagar,Available,11:34 PM
2663,+91 6594469362,16-02-2026,Pune,5h 00m,2829,2498,4.3/5,AC Sleeper,Nashik,Available,11:34 PM
2592,+91 8493843331,16-02-2026,Mumbai,8h 30m,2804,2381,4.1/5,Luxury AC,Solapur,Available,11:34 PM
1709,+91 6969804466,16-02-2026,Mumbai,14h 00m,1875,1544,4.4/5,Multi-Axle,Nagpur,Available,11:34 PM
2623,+91 8965565168,16-02-2026,Mumbai,7h 45m,2796,2451,3.9/5,Non-AC,Dhule,Available,11:34 PM
3046,+91 9094216577,15-02-2026,Mumbai,3h 15m,3198,2894,4.5/5,AC Seater,Pune,Available,11:34 PM
1856,+91 8354595465,15-02-2026,Pune,3h 30m,2019,1694,4.2/5,Volvo AC,Mumbai,Available,11:34 PM
3141,+91 6135044216,15-02-2026,Pune,4h 45m,3303,2980,4.0/5,AC Sleeper,Kolhapur,Available,11:34 PM
2192,+91 7589689728,15-02-2026,Nashik,4h 15m,2418,1966,3.8/5,Non-AC,SambhajiNagar,Available,11:34 PM
2522,+91 9808123106,15-02-2026,Pune,5h 00m,2719,2326,4.3/5,AC Sleeper,Nashik,Available,11:34 PM
2648,+91 8950217986,15-02-2026,Mumbai,8h 30m,2887,2410,4.1/5,Luxury AC,Solapur,Available,11:34 PM
2127,+91 8615166394,15-02-2026,Mumbai,14h 00m,2304,1951,4.4/5,Multi-Axle,Nagpur,Available,11:34 PM
1712,+91 7473919183,15-02-2026,Mumbai,7h 45m,1913,1511,3.9/5,Non-AC,Dhule,Available,11:34 PM
2171,+91 8008222960,14-02-2026,Mumbai,3h 15m,2382,1961,4.5/5,AC Seater,Pune,Available,11:34 PM
1749,+91 6635069378,14-02-2026,Pune,3h 30m,1964,1535,4.2/5,Volvo AC,Mumbai,Available,11:34 PM
2582,+91 8609006733,14-02-2026,Pune,4h 45m,2780,2385,4.0/5,AC Sleeper,Kolhapur,Available,11:34 PM
2074,+91 7191965197,14-02-2026,Nashik,4h 15m,2361,1788,3.8/5,Non-AC,SambhajiNagar,Available,11:34 PM
2220,+91 7120988193,14-02-2026,Pune,5h 00m,2376,2064,4.3/5,AC Sleeper,Nashik,Available,11:34 PM
2641,+91 6247772628,14-02-2026,Mumbai,8h 30m,2793,2490,4.1/5,Luxury AC,Solapur,Available,11:34 PM
2290,+91 9625267615,14-02-2026,Mumbai,14h 00m,2577,2003,4.4/5,Multi-Axle,Nagpur,Available,11:34 PM
2827,+91 6625436146,14-02-2026,Mumbai,7h 45m,3016,2638,3.9/5,Non-AC,Dhule,Available,11:34 PM
3053,+91 6204983631,13-02-2026,Mumbai,3h 15m,3342,2764,4.5/5,AC Seater,Pune,Available,11:34 PM
2544,+91 9346669895,13-02-2026,Pune,3h 30m,2803,2286,4.2/5,Volvo AC,Mumbai,Available,11:34 PM
2217,+91 7820869735,13-02-2026,Pune,4h 45m,2467,1968,4.0/5,AC Sleeper,Kolhapur,Available,11:34 PM
2064,+91 9172976371,13-02-2026,Nashik,4h 15m,2356,1772,3.8/5,Non-AC,SambhajiNagar,Available,11:34 PM
3015,+91 7796877843,13-02-2026,Pune,5h 00m,3311,2720,4.3/5,AC Sleeper,Nashik,Available,11:34 PM
3023,+91 6131756565,13-02-2026,Mumbai,8h 30m,3208,2839,4.1/5,Luxury AC,Solapur,Available,11:34 PM
2856,+91 8879838946,13-02-2026,Mumbai,14h 00m,3070,2642,4.4/5,Multi-Axle,Nagpur,Available,11:34 PM
2661,+91 7343842467,13-02-2026,Mumbai,7h 45m,2919,2403,3.9/5,Non-AC,Dhule,Available,11:34 PM
2515,+91 7039194289,12-02-2026,Mumbai,3h 15m,2728,2302,4.5/5,AC Seater,Pune,Available,11:34 PM
2396,+91 6307620414,12-02-2026,Pune,3h 30m,2687,2105,4.2/5,Volvo AC,Mumbai,Available,11:34 PM
3078,+91 7686210509,12-02-2026,Pune,4h 45m,3324,2832,4.0/5,AC Sleeper,Kolhapur,Available,11:34 PM
2544,+91 8811114673,12-02-2026,Nashik,4h 15m,2839,2249,3.8/5,Non-AC,SambhajiNagar,Available,11:34 PM
2604,+91 7205822977,12-02-2026,Pune,5h 00m,2840,2369,4.3/5,AC Sleeper,Nashik,Available,11:34 PM
2488,+91 7644159281,12-02-2026,Mumbai,8h 30m,2652,2325,4.1/5,Luxury AC,Solapur,Available,11:34 PM
2330,+91 8766052837,12-02-2026,Mumbai,14h 00m,2518,2142,4.4/5,Multi-Axle,Nagpur,Available,11:34 PM
2289,+91 8718761061,12-02-2026,Mumbai,7h 45m,2470,2109,3.9/5,Non-AC,Dhule,Available,11:34 PM
2103,+91 8426879024,11-02-2026,Mumbai,3h 15m,2361,1846,4.5/5,AC Seater,Pune,Available,11:34 PM
2290,+91 9642569623,11-02-2026,Pune,3h 30m,2586,1994,4.2/5,Volvo AC,Mumbai,Available,11:34 PM
1971,+91 8532585079,11-02-2026,Pune,4h 45m,2199,1743,4.0/5,AC Sleeper,Kolhapur,Available,11:34 PM
1930,+91 8904670968,11-02-2026,Nashik,4h 15m,2084,1776,3.8/5,Non-AC,SambhajiNagar,Available,11:34 PM
2513,+91 7042972051,11-02-2026,Pune,5h 00m,2773,2253,4.3/5,AC Sleeper,Nashik,Available,11:34 PM
2744,+91 6990427382,11-02-2026,Mumbai,8h 30m,2949,2539,4.1/5,Luxury AC,Solapur,Available,11:34 PM
2039,+91 6479010667,11-02-2026,Mumbai,14h 00m,2225,1853,4.4/5,Multi-Axle,Nagpur,Available,11:34 PM
2942,+91 8195907514,11-02-2026,Mumbai,7h 45m,3222,2662,3.9/5,Non-AC,Dhule,Available,11:34 PM
3154,+91 8970618202,10-02-2026,Mumbai,3h 15m,3310,2999,4.5/5,AC Seater,Pune,Available,11:34 PM
2114,+91 8511129816,10-02-2026,Pune,3h 30m,2306,1923,4.2/5,Volvo AC,Mumbai,Available,11:34 PM
1965,+91 6282238711,10-02-2026,Pune,4h 45m,2119,1811,4.0/5,AC Sleeper,Kolhapur,Available,11:34 PM
1880,+91 7233068384,10-02-2026,Nashik,4h 15m,2092,1668,3.8/5,Non-AC,SambhajiNagar,Available,11:34 PM
3202,+91 8666022537,10-02-2026,Pune,5h 00m,3450,2954,4.3/5,AC Sleeper,Nashik,Available,11:34 PM
1847,+91 9575146330,10-02-2026,Mumbai,8h 30m,2040,1655,4.1/5,Luxury AC,Solapur,Available,11:34 PM
3038,+91 9185013982,10-02-2026,Mumbai,14h 00m,3325,2751,4.4/5,Multi-Axle,Nagpur,Available,11:34 PM
2328,+91 7461770828,10-02-2026,Mumbai,7h 45m,2597,2060,3.9/5,Non-AC,Dhule,Available,11:34 PM
1844,+91 9156900912,09-02-2026,Mumbai,3h 15m,2067,1622,4.5/5,AC Seater,Pune,Available,11:34 PM
2512,+91 9054186742,09-02-2026,Pune,3h 30m,2778,2247,4.2/5,Volvo AC,Mumbai,Available,11:34 PM
3173,+91 8010647870,09-02-2026,Pune,4h 45m,3419,2927,4.0/5,AC Sleeper,Kolhapur,Available,11:34 PM
3164,+91 6555627950,09-02-2026,Nashik,4h 15m,3354,2975,3.8/5,Non-AC,SambhajiNagar,Available,11:34 PM
2785,+91 9899682893,09-02-2026,Pune,5h 00m,3009,2561,4.3/5,AC Sleeper,Nashik,Available,11:34 PM
2158,+91 6682012134,09-02-2026,Mumbai,8h 30m,2348,1968,4.1/5,Luxury AC,Solapur,Available,11:34 PM
1933,+91 7506093377,09-02-2026,Mumbai,14h 00m,2187,1680,4.4/5,Multi-Axle,Nagpur,Available,11:34 PM
2954,+91 7055448274,09-02-2026,Mumbai,7h 45m,3179,2730,3.9/5,Non-AC,Dhule,Available,11:34 PM
3186,+91 6650373425,08-02-2026,Mumbai,3h 15m,3420,2953,4.5/5,AC Seater,Pune,Available,11:34 PM
2879,+91 7442036960,08-02-2026,Pune,3h 30m,3064,2695,4.2/5,Volvo AC,Mumbai,Available,11:34 PM
1840,+91 7019492780,08-02-2026,Pune,4h 45m,2016,1664,4.0/5,AC Sleeper,Kolhapur,Available,11:34 PM
2517,+91 9608128294,08-02-2026,Nashik,4h 15m,2752,2282,3.8/5,Non-AC,SambhajiNagar,Available,11:34 PM
2113,+91 7248314928,08-02-2026,Pune,5h 00m,2299,1927,4.3/5,AC Sleeper,Nashik,Available,11:34 PM
2728,+91 9568176281,08-02-2026,Mumbai,8h 30m,2921,2536,4.1/5,Luxury AC,Solapur,Available,11:34 PM
3067,+91 8424478186,08-02-2026,Mumbai,14h 00m,3318,2816,4.4/5,Multi-Axle,Nagpur,Available,11:34 PM
3165,+91 8648306114,08-02-2026,Mumbai,7h 45m,3379,2952,3.9/5,Non-AC,Dhule,Available,11:34 PM
3035,+91 6808982064,07-02-2026,Mumbai,3h 15m,3288,2783,4.5/5,AC Seater,Pune,Available,11:34 PM
1879,+91 8929868754,07-02-2026,Pune,3h 30m,2085,1673,4.2/5,Volvo AC,Mumbai,Available,11:34 PM
2711,+91 8886494967,07-02-2026,Pune,4h 45m,2994,2429,4.0/5,AC Sleeper,Kolhapur,Available,11:34 PM
2283,+91 7953734590,07-02-2026,Nashik,4h 15m,2517,2049,3.8/5,Non-AC,SambhajiNagar,Available,11:34 PM
2951,+91 7831844388,07-02-2026,Pune,5h 00m,3197,2706,4.3/5,AC Sleeper,Nashik,Available,11:34 PM
2705,+91 6559857169,07-02-2026,Mumbai,8h 30m,2999,2412,4.1/5,Luxury AC,Solapur,Available,11:34 PM
2199,+91 8289611649,07-02-2026,Mumbai,14h 00m,2359,2040,4.4/5,Multi-Axle,Nagpur,Available,11:34 PM
1990,+91 8990437600,07-02-2026,Mumbai,7h 45m,2231,1749,3.9/5,Non-AC,Dhule,Available,11:34 PM
2730,+91 8380510237,06-02-2026,Mumbai,3h 15m,2889,2572,4.5/5,AC Seater,Pune,Available,11:34 PM
2607,+91 6371530368,06-02-2026,Pune,3h 30m,2897,2318,4.2/5,Volvo AC,Mumbai,Available,11:34 PM
1960,+91 8356866534,06-02-2026,Pune,4h 45m,2115,1805,4.0/5,AC Sleeper,Kolhapur,Available,11:34 PM
3011,+91 7079593284,06-02-2026,Nashik,4h 15m,3195,2828,3.8/5,Non-AC,SambhajiNagar,Available,11:34 PM
2898,+91 7531194556,06-02-2026,Pune,5h 00m,3078,2718,4.3/5,AC Sleeper,Nashik,Available,11:34 PM
2809,+91 9529793976,06-02-2026,Mumbai,8h 30m,3108,2511,4.1/5,Luxury AC,Solapur,Available,11:34 PM
2422,+91 7714159330,06-02-2026,Mumbai,14h 00m,2589,2255,4.4/5,Multi-Axle,Nagpur,Available,11:34 PM
2274,+91 6431788507,06-02-2026,Mumbai,7h 45m,2513,2036,3.9/5,Non-AC,Dhule,Available,11:34 PM
2160,+91 9289128040,05-02-2026,Mumbai,3h 15m,2426,1894,4.5/5,AC Seater,Pune,Available,11:34 PM
2213,+91 6010362880,05-02-2026,Pune,3h 30m,2509,1917,4.2/5,Volvo AC,Mumbai,Available,11:34 PM
2419,+91 8160495654,05-02-2026,Pune,4h 45m,2662,2176,4.0/5,AC Sleeper,Kolhapur,Available,11:34 PM
2400,+91 9666113504,05-02-2026,Nashik,4h 15m,2646,2154,3.8/5,Non-AC,SambhajiNagar,Available,11:34 PM
1841,+91 8447874682,05-02-2026,Pune,5h 00m,2046,1637,4.3/5,AC Sleeper,Nashik,Available,11:34 PM
2748,+91 7732489625,05-02-2026,Mumbai,8h 30m,3034,2463,4.1/5,Luxury AC,Solapur,Available,11:34 PM
2083,+91 7574861081,05-02-2026,Mumbai,14h 00m,2354,1813,4.4/5,Multi-Axle,Nagpur,Available,11:34 PM
2962,+91 8305564376,05-02-2026,Mumbai,7h 45m,3211,2713,3.9/5,Non-AC,Dhule,Available,11:34 PM
2368,+91 8528628383,04-02-2026,Mumbai,3h 15m,2558,2178,4.5/5,AC Seater,Pune,Available,11:34 PM
2911,+91 8251497561,04-02-2026,Pune,3h 30m,3073,2749,4.2/5,Volvo AC,Mumbai,Available,11:34 PM
1758,+91 6027455503,04-02-2026,Pune,4h 45m,1998,1518,4.0/5,AC Sleeper,Kolhapur,Available,11:34 PM
1814,+91 7290650843,04-02-2026,Nashik,4h 15m,1991,1638,3.8/5,Non-AC,SambhajiNagar,Available,11:34 PM
2846,+91 8376207820,04-02-2026,Pune,5h 00m,3053,2639,4.3/5,AC Sleeper,Nashik,Available,11:34 PM
2674,+91 6644665288,04-02-2026,Mumbai,8h 30m,2884,2465,4.1/5,Luxury AC,Solapur,Available,11:34 PM
3136,+91 7828307714,04-02-2026,Mumbai,14h 00m,3385,2888,4.4/5,Multi-Axle,Nagpur,Available,11:34 PM
2816,+91 9529861774,04-02-2026,Mumbai,7h 45m,3113,2519,3.9/5,Non-AC,Dhule,Available,11:34 PM
1804,+91 9230124495,03-02-2026,Mumbai,3h 15m,2013,1595,4.5/5,AC Seater,Pune,Available,11:34 PM
2760,+91 6185986557,03-02-2026,Pune,3h 30m,3044,2476,4.2/5,Volvo AC,Mumbai,Available,11:34 PM
1913,+91 8800944623,03-02-2026,Pune,4h 45m,2165,1661,4.0/5,AC Sleeper,Kolhapur,Available,11:34 PM
2513,+91 6132860575,03-02-2026,Nashik,4h 15m,2813,2214,3.8/5,Non-AC,SambhajiNagar,Available,11:34 PM
2049,+91 6277087874,03-02-2026,Pune,5h 00m,2234,1865,4.3/5,AC Sleeper,Nashik,Available,11:34 PM
2080,+91 6013143243,03-02-2026,Mumbai,8h 30m,2242,1918,4.1/5,Luxury AC,Solapur,Available,11:34 PM
2267,+91 6596137157,03-02-2026,Mumbai,14h 00m,2487,2047,4.4/5,Multi-Axle,Nagpur,Available,11:34 PM
1984,+91 7064682500,03-02-2026,Mumbai,7h 45m,2236,1732,3.9/5,Non-AC,Dhule,Available,11:34 PM
3006,+91 8171252134,02-02-2026,Mumbai,3h 15m,3264,2749,4.5/5,AC Seater,Pune,Available,11:34 PM
3175,+91 7709205406,02-02-2026,Pune,3h 30m,3425,2926,4.2/5,Volvo AC,Mumbai,Available,11:34 PM
2100,+91 8629967864,02-02-2026,Pune,4h 45m,2354,1847,4.0/5,AC Sleeper,Kolhapur,Available,11:34 PM
2797,+91 6171502919,02-02-2026,Nashik,4h 15m,3095,2499,3.8/5,Non-AC,SambhajiNagar,Available,11:34 PM
3071,+91 8034866026,02-02-2026,Pune,5h 00m,3315,2827,4.3/5,AC Sleeper,Nashik,Available,11:34 PM
2745,+91 8100966126,02-02-2026,Mumbai,8h 30m,2929,2561,4.1/5,Luxury AC,Solapur,Available,11:34 PM
2277,+91 8022947687,02-02-2026,Mumbai,14h 00m,2492,2062,4.4/5,Multi-Axle,Nagpur,Available,11:34 PM
1980,+91 9692374083,02-02-2026,Mumbai,7h 45m,2238,1723,3.9/5,Non-AC,Dhule,Available,11:34 PM
2870,+91 6273968147,01-02-2026,Mumbai,3h 15m,3082,2658,4.5/5,AC Seater,Pune,Available,11:34 PM
1845,+91 9489151238,01-02-2026,Pune,3h 30m,2104,1587,4.2/5,Volvo AC,Mumbai,Available,11:34 PM
2834,+91 9507136897,01-02-2026,Pune,4h 45m,3032,2637,4.0/5,AC Sleeper,Kolhapur,Available,11:34 PM
2003,+91 6620769317,01-02-2026,Nashik,4h 15m,2164,1842,3.8/5,Non-AC,SambhajiNagar,Available,11:34 PM
2321,+91 8892741316,01-02-2026,Pune,5h 00m,2478,2164,4.3/5,AC Sleeper,Nashik,Available,11:34 PM
2360,+91 7703022948,01-02-2026,Mumbai,8h 30m,2623,2097,4.1/5,Luxury AC,Solapur,Available,11:34 PM
2069,+91 7782758800,01-02-2026,Mumbai,14h 00m,2267,1872,4.4/5,Multi-Axle,Nagpur,Available,11:34 PM
1933,+91 6617840319,01-02-2026,Mumbai,7h 45m,2130,1736,3.9/5,Non-AC,Dhule,Available,11:34 PM
1837,+91 6175904118,31-01-2026,Mumbai,3h 15m,2099,1575,4.5/5,AC Seater,Pune,Available,11:34 PM
2176,+91 6968615071,31-01-2026,Pune,3h 30m,2332,2021,4.2/5,Volvo AC,Mumbai,Available,11:34 PM
2373,+91 9205832137,31-01-2026,Pune,4h 45m,2589,2158,4.0/5,AC Sleeper,Kolhapur,Available,11:34 PM
1704,+91 7555502212,31-01-2026,Nashik,4h 15m,1897,1511,3.8/5,Non-AC,SambhajiNagar,Available,11:34 PM
2537,+91 9295997056,31-01-2026,Pune,5h 00m,2795,2280,4.3/5,AC Sleeper,Nashik,Available,11:34 PM
3216,+91 7574543621,31-01-2026,Mumbai,8h 30m,3491,2941,4.1/5,Luxury AC,Solapur,Available,11:34 PM
2282,+91 8268900755,31-01-2026,Mumbai,14h 00m,2521,2044,4.4/5,Multi-Axle,Nagpur,Available,11:34 PM
2308,+91 8981475159,31-01-2026,Mumbai,7h 45m,2509,2107,3.9/5,Non-AC,Dhule,Available,11:34 PM
2035,+91 6779450397,30-01-2026,Mumbai,3h 15m,2282,1789,4.5/5,AC Seater,Pune,Available,11:34 PM
2764,+91 7173251248,30-01-2026,Pune,3h 30m,3037,2492,4.2/5,Volvo AC,Mumbai,Available,11:34 PM
2305,+91 7248600546,30-01-2026,Pune,4h 45m,2490,2121,4.0/5,AC Sleeper,Kolhapur,Available,11:34 PM
2402,+91 9453365585,30-01-2026,Nashik,4h 15m,2663,2142,3.8/5,Non-AC,SambhajiNagar,Available,11:34 PM
2541,+91 9507155460,30-01-2026,Pune,5h 00m,2727,2355,4.3/5,AC Sleeper,Nashik,Available,11:34 PM
2208,+91 9906097773,30-01-2026,Mumbai,8h 30m,2475,1942,4.1/5,Luxury AC,Solapur,Available,11:34 PM
2546,+91 9651539361,30-01-2026,Mumbai,14h 00m,2797,2295,4.4/5,Multi-Axle,Nagpur,Available,11:34 PM
2428,+91 7661593751,30-01-2026,Mumbai,7h 45m,2695,2161,3.9/5,Non-AC,Dhule,Available,11:34 PM
2684,+91 7602379935,29-01-2026,Mumbai,3h 15m,2977,2392,4.5/5,AC Seater,Pune,Available,11:34 PM
2807,+91 6676468515,29-01-2026,Pune,3h 30m,2980,2635,4.2/5,Volvo AC,Mumbai,Available,11:34 PM
3171,+91 7809857037,29-01-2026,Pune,4h 45m,3468,2874,4.0/5,AC Sleeper,Kolhapur,Available,11:34 PM
2001,+91 6004224409,29-01-2026,Nashik,4h 15m,2156,1846,3.8/5,Non-AC,SambhajiNagar,Available,11:34 PM
3030,+91 7791265737,29-01-2026,Pune,5h 00m,3184,2876,4.3/5,AC Sleeper,Nashik,Available,11:34 PM
2897,+91 8620773257,29-01-2026,Mumbai,8h 30m,3139,2656,4.1/5,Luxury AC,Solapur,Available,11:34 PM
2863,+91 6373677626,29-01-2026,Mumbai,14h 00m,3126,2601,4.4/5,Multi-Axle,Nagpur,Available,11:34 PM
3212,+91 8747644706,29-01-2026,Mumbai,7h 45m,3472,2953,3.9/5,Non-AC,Dhule,Available,11:34 PM
2537,+91 6492724178,28-01-2026,Mumbai,3h 15m,2796,2279,4.5/5,AC Seater,Pune,Available,11:34 PM
2807,+91 6147372096,28-01-2026,Pune,3h 30m,3006,2608,4.2/5,Volvo AC,Mumbai,Available,11:34 PM
2863,+91 8458109649,28-01-2026,Pune,4h 45m,3083,2643,4.0/5,AC Sleeper,Kolhapur,Available,11:34 PM
2208,+91 9096245594,28-01-2026,Nashik,4h 15m,2460,1957,3.8/5,Non-AC,SambhajiNagar,Available,11:34 PM
2627,+91 6727590179,28-01-2026,Pune,5h 00m,2918,2337,4.3/5,AC Sleeper,Nashik,Available,11:34 PM
2584,+91 8632156889,28-01-2026,Mumbai,8h 30m,2818,2350,4.1/5,Luxury AC,Solapur,Available,11:34 PM
2395,+91 9811610870,28-01-2026,Mumbai,14h 00m,2680,2110,4.4/5,Multi-Axle,Nagpur,Available,11:34 PM
2608,+91 8991851455,28-01-2026,Mumbai,7h 45m,2817,2399,3.9/5,Non-AC,Dhule,Available,11:34 PM
3212,+91 7325956962,27-01-2026,Mumbai,3h 15m,3507,2918,4.5/5,AC Seater,Pune,Available,11:34 PM
1841,+91 6734199646,27-01-2026,Pune,3h 30m,2003,1679,4.2/5,Volvo AC,Mumbai,Available,11:34 PM
2517,+91 6215615721,27-01-2026,Pune,4h 45m,2804,2230,4.0/5,AC Sleeper,Kolhapur,Available,11:34 PM
2857,+91 8822506019,27-01-2026,Nashik,4h 15m,3010,2705,3.8/5,Non-AC,SambhajiNagar,Available,11:34 PM
3103,+91 8956461741,27-01-2026,Pune,5h 00m,3378,2829,4.3/5,AC Sleeper,Nashik,Available,11:34 PM
3106,+91 6554567670,27-01-2026,Mumbai,8h 30m,3311,2901,4.1/5,Luxury AC,Solapur,Available,11:34 PM
2446,+91 7774806776,27-01-2026,Mumbai,14h 00m,2615,2277,4.4/5,Multi-Axle,Nagpur,Available,11:34 PM
3103,+91 8988486134,27-01-2026,Mumbai,7h 45m,3362,2844,3.9/5,Non-AC,Dhule,Available,11:34 PM
2305,+91 9711844528,26-01-2026,Mumbai,3h 15m,2552,2059,4.5/5,AC Seater,Pune,Available,11:34 PM
2517,+91 6246663993,26-01-2026,Pune,3h 30m,2731,2303,4.2/5,Volvo AC,Mumbai,Available,11:34 PM
2966,+91 8173789664,26-01-2026,Pune,4h 45m,3262,2670,4.0/5,AC Sleeper,Kolhapur,Available,11:34 PM
2737,+91 8913866051,26-01-2026,Nashik,4h 15m,3033,2442,3.8/5,Non-AC,SambhajiNagar,Available,11:34 PM
1852,+91 9301431076,26-01-2026,Pune,5h 00m,2024,1681,4.3/5,AC Sleeper,Nashik,Available,11:34 PM
3178,+91 7350007024,26-01-2026,Mumbai,8h 30m,3361,2995,4.1/5,Luxury AC,Solapur,Available,11:34 PM
2928,+91 8457138322,26-01-2026,Mumbai,14h 00m,3216,2640,4.4/5,Multi-Axle,Nagpur,Available,11:34 PM
2362,+91 9867965896,26-01-2026,Mumbai,7h 45m,2540,2185,3.9/5,Non-AC,Dhule,Available,11:34 PM
2489,+91 8406549422,25-01-2026,Mumbai,3h 15m,2668,2310,4.5/5,AC Seater,Pune,Available,11:34 PM
2350,+91 6808090599,25-01-2026,Pune,3h 30m,2583,2117,4.2/5,Volvo AC,Mumbai,Available,11:34 PM
2322,+91 9184831920,25-01-2026,Pune,4h 45m,2598,2046,4.0/5,AC Sleeper,Kolhapur,Available,11:34 PM
2448,+91 7242517654,25-01-2026,Nashik,4h 15m,2659,2237,3.8/5,Non-AC,SambhajiNagar,Available,11:34 PM
3017,+91 7517734019,25-01-2026,Pune,5h 00m,3197,2837,4.3/5,AC Sleeper,Nashik,Available,11:34 PM
2754,+91 7402490823,25-01-2026,Mumbai,8h 30m,2933,2575,4.1/5,Luxury AC,Solapur,Available,11:34 PM
2172,+91 7270512990,25-01-2026,Mumbai,14h 00m,2444,1901,4.4/5,Multi-Axle,Nagpur,Available,11:34 PM
2850,+91 9932419908,25-01-2026,Mumbai,7h 45m,3141,2560,3.9/5,Non-AC,Dhule,Available,11:34 PM
2531,+91 6364241189,24-01-2026,Mumbai,3h 15m,2707,2356,4.5/5,AC Seater,Pune,Available,11:34 PM
2322,+91 6514179045,24-01-2026,Pune,3h 30m,2547,2098,4.2/5,Volvo AC,Mumbai,Available,11:34 PM
2672,+91 7526711439,24-01-2026,Pune,4h 45m,2913,2432,4.0/5,AC Sleeper,Kolhapur,Available,11:34 PM
3144,+91 7909360700,24-01-2026,Nashik,4h 15m,3333,2956,3.8/5,Non-AC,SambhajiNagar,Available,11:34 PM
2571,+91 9708702358,24-01-2026,Pune,5h 00m,2856,2286,4.3/5,AC Sleeper,Nashik,Available,11:34 PM
3062,+91 7964760134,24-01-2026,Mumbai,8h 30m,3252,2872,4.1/5,Luxury AC,Solapur,Available,11:34 PM
2797,+91 6793344330,24-01-2026,Mumbai,14h 00m,3074,2521,4.4/5,Multi-Axle,Nagpur,Available,11:34 PM
2765,+91 7749643172,24-01-2026,Mumbai,7h 45m,2997,2533,3.9/5,Non-AC,Dhule,Available,11:34 PM
2399,+91 6159183747,23-01-2026,Mumbai,3h 15m,2588,2210,4.5/5,AC Seater,Pune,Available,11:34 PM
2666,+91 9991667763,23-01-2026,Pune,3h 30m,2908,2425,4.2/5,Volvo AC,Mumbai,Available,11:34 PM
2542,+91 7874018891,23-01-2026,Pune,4h 45m,2693,2392,4.0/5,AC Sleeper,Kolhapur,Available,11:34 PM
3218,+91 6429126963,23-01-2026,Nashik,4h 15m,3511,2925,3.8/5,Non-AC,SambhajiNagar,Available,11:34 PM
2503,+91 7900647451,23-01-2026,Pune,5h 00m,2694,2313,4.3/5,AC Sleeper,Nashik,Available,11:34 PM
2368,+91 6723977831,23-01-2026,Mumbai,8h 30m,2558,2178,4.1/5,Luxury AC,Solapur,Available,11:34 PM
3148,+91 8161430931,23-01-2026,Mumbai,14h 00m,3382,2914,4.4/5,Multi-Axle,Nagpur,Available,11:34 PM
2251,+91 6782123739,23-01-2026,Mumbai,7h 45m,2421,2082,3.9/5,Non-AC,Dhule,Available,11:34 PM
3023,+91 6092370363,22-01-2026,Mumbai,3h 15m,3240,2807,4.5/5,AC Seater,Pune,Available,11:34 PM
2298,+91 8473104169,22-01-2026,Pune,3h 30m,2460,2136,4.2/5,Volvo AC,Mumbai,Available,11:34 PM
2910,+91 8347539546,22-01-2026,Pune,4h 45m,3176,2644,4.0/5,AC Sleeper,Kolhapur,Available,11:34 PM
1715,+91 8718535025,22-01-2026,Nashik,4h 15m,1900,1530,3.8/5,Non-AC,SambhajiNagar,Available,11:34 PM
2840,+91 6243400492,22-01-2026,Pune,5h 00m,3077,2604,4.3/5,AC Sleeper,Nashik,Available,11:34 PM
1918,+91 7998566572,22-01-2026,Mumbai,8h 30m,2217,1620,4.1/5,Luxury AC,Solapur,Available,11:34 PM
3078,+91 7682771977,22-01-2026,Mumbai,14h 00m,3367,2790,4.4/5,Multi-Axle,Nagpur,Available,11:34 PM
2008,+91 8593044026,22-01-2026,Mumbai,7h 45m,2184,1832,3.9/5,Non-AC,Dhule,Available,11:34 PM
1928,+91 8554096891,21-01-2026,Mumbai,3h 15m,2216,1640,4.5/5,AC Seater,Pune,Available,11:34 PM
2998,+91 9492815558,21-01-2026,Pune,3h 30m,3186,2811,4.2/5,Volvo AC,Mumbai,Available,11:34 PM
2394,+91 7980695789,21-01-2026,Pune,4h 45m,2685,2103,4.0/5,AC Sleeper,Kolhapur,Available,11:34 PM
1962,+91 8754176086,21-01-2026,Nashik,4h 15m,2240,1685,3.8/5,Non-AC,SambhajiNagar,Available,11:34 PM
2566,+91 9413000935,21-01-2026,Pune,5h 00m,2866,2267,4.3/5,AC Sleeper,Nashik,Available,11:34 PM
2840,+91 6849129698,21-01-2026,Mumbai,8h 30m,3093,2588,4.1/5,Luxury AC,Solapur,Available,11:34 PM
2727,+91 6834959743,21-01-2026,Mumbai,14h 00m,2879,2575,4.4/5,Multi-Axle,Nagpur,Available,11:34 PM
2516,+91 8044597457,21-01-2026,Mumbai,7h 45m,2806,2226,3.9/5,Non-AC,Dhule,Available,11:34 PM
1906,+91 9947460425,20-01-2026,Mumbai,3h 15m,2204,1608,4.5/5,AC Seater,Pune,Available,11:34 PM
2622,+91 9801366223,20-01-2026,Pune,3h 30m,2820,2425,4.2/5,Volvo AC,Mumbai,Available,11:34 PM
2863,+91 7472708060,20-01-2026,Pune,4h 45m,3036,2690,4.0/5,AC Sleeper,Kolhapur,Available,11:34 PM
2428,+91 8958121097,20-01-2026,Nashik,4h 15m,2691,2166,3.8/5,Non-AC,SambhajiNagar,Available,11:34 PM
1726,+91 8699476215,20-01-2026,Pune,5h 00m,1918,1535,4.3/5,AC Sleeper,Nashik,Available,11:34 PM
2557,+91 6056516496,20-01-2026,Mumbai,8h 30m,2806,2308,4.1/5,Luxury AC,Solapur,Available,11:34 PM
3028,+91 6957287199,20-01-2026,Mumbai,14h 00m,3301,2755,4.4/5,Multi-Axle,Nagpur,Available,11:34 PM
3069,+91 6084721458,20-01-2026,Mumbai,7h 45m,3247,2891,3.9/5,Non-AC,Dhule,Available,11:34 PM
1977,+91 9915426792,19-01-2026,Mumbai,3h 15m,2269,1686,4.5/5,AC Seater,Pune,Available,11:34 PM
2147,+91 9738376938,19-01-2026,Pune,3h 30m,2415,1879,4.2/5,Volvo AC,Mumbai,Available,11:34 PM
2158,+91 8204995552,19-01-2026,Pune,4h 45m,2381,1936,4.0/5,AC Sleeper,Kolhapur,Available,11:34 PM
3085,+91 9080209402,19-01-2026,Nashik,4h 15m,3287,2883,3.8/5,Non-AC,SambhajiNagar,Available,11:34 PM
2219,+91 9989067770,19-01-2026,Pune,5h 00m,2382,2057,4.3/5,AC Sleeper,Nashik,Available,11:34 PM
3250,+91 7085797770,19-01-2026,Mumbai,8h 30m,3534,2966,4.1/5,Luxury AC,Solapur,Available,11:34 PM
2573,+91 8475862456,19-01-2026,Mumbai,14h 00m,2749,2397,4.4/5,Multi-Axle,Nagpur,Available,11:34 PM
2748,+91 7348244664,19-01-2026,Mumbai,7h 45m,3009,2487,3.9/5,Non-AC,Dhule,Available,11:34 PM
2940,+91 7173496248,18-01-2026,Mumbai,3h 15m,3137,2744,4.5/5,AC Seater,Pune,Available,11:34 PM
2801,+91 8010166781,18-01-2026,Pune,3h 30m,2993,2609,4.2/5,Volvo AC,Mumbai,Available,11:34 PM
2927,+91 8046056383,18-01-2026,Pune,4h 45m,3112,2743,4.0/5,AC Sleeper,Kolhapur,Available,11:34 PM
1779,+91 6774445501,18-01-2026,Nashik,4h 15m,2031,1527,3.8/5,Non-AC,SambhajiNagar,Available,11:34 PM
3138,+91 6846086779,18-01-2026,Pune,5h 00m,3298,2979,4.3/5,AC Sleeper,Nashik,Available,11:34 PM
3230,+91 6833079460,18-01-2026,Mumbai,8h 30m,3494,2966,4.1/5,Luxury AC,Solapur,Available,11:34 PM
1949,+91 8800210878,18-01-2026,Mumbai,14h 00m,2124,1774,4.4/5,Multi-Axle,Nagpur,Available,11:34 PM
2795,+91 6703131777,18-01-2026,Mumbai,7h 45m,3045,2545,3.9/5,Non-AC,Dhule,Available,11:34 PM
1847,+91 8051961006,17-01-2026,Mumbai,3h 15m,2094,1600,4.5/5,AC Seater,Pune,Available,11:34 PM
2530,+91 9987597781,17-01-2026,Pune,3h 30m,2816,2245,4.2/5,Volvo AC,Mumbai,Available,11:34 PM
1986,+91 8300721931,17-01-2026,Pune,4h 45m,2144,1829,4.0/5,AC Sleeper,Kolhapur,Available,11:34 PM
2442,+91 8175619000,17-01-2026,Nashik,4h 15m,2740,2144,3.8/5,Non-AC,SambhajiNagar,Available,11:34 PM
2584,+91 7373299048,17-01-2026,Pune,5h 00m,2873,2296,4.3/5,AC Sleeper,Nashik,Available,11:34 PM
2472,+91 8877501818,17-01-2026,Mumbai,8h 30m,2728,2216,4.1/5,Luxury AC,Solapur,Available,11:34 PM
2331,+91 7679547944,17-01-2026,Mumbai,14h 00m,2575,2088,4.4/5,Multi-Axle,Nagpur,Available,11:34 PM
3207,+91 6148069203,17-01-2026,Mumbai,7h 45m,3464,2951,3.9/5,Non-AC,Dhule,Available,11:34 PM
2164,+91 7633604717,16-01-2026,Mumbai,3h 15m,2383,1945,4.5/5,AC Seater,Pune,Available,11:34 PM
3165,+91 6060523134,16-01-2026,Pune,3h 30m,3391,2939,4.2/5,Volvo AC,Mumbai,Available,11:34 PM
1962,+91 6688377443,16-01-2026,Pune,4h 45m,2159,1766,4.0/5,AC Sleeper,Kolhapur,Available,11:34 PM
1782,+91 6480755496,16-01-2026,Nashik,4h 15m,2005,1560,3.8/5,Non-AC,SambhajiNagar,Available,11:34 PM
2563,+91 7748324278,16-01-2026,Pune,5h 00m,2721,2405,4.3/5,AC Sleeper,Nashik,Available,11:34 PM
2844,+91 6258631351,16-01-2026,Mumbai,8h 30m,3120,2568,4.1/5,Luxury AC,Solapur,Available,11:34 PM
1761,+91 6223191772,16-01-2026,Mumbai,14h 00m,1994,1528,4.4/5,Multi-Axle,Nagpur,Available,11:34 PM
2333,+91 9033682917,16-01-2026,Mumbai,7h 45m,2565,2102,3.9/5,Non-AC,Dhule,Available,11:34 PM
2390,+91 7113604947,15-01-2026,Mumbai,3h 15m,2543,2237,4.5/5,AC Seater,Pune,Available,11:34 PM
3006,+91 7397307865,15-01-2026,Pune,3h 30m,3178,2834,4.2/5,Volvo AC,Mumbai,Available,11:34 PM
2229,+91 7490896910,15-01-2026,Pune,4h 45m,2389,2069,4.0/5,AC Sleeper,Kolhapur,Available,11:34 PM
1956,+91 7745054618,15-01-2026,Nashik,4h 15m,2107,1806,3.8/5,Non-AC,SambhajiNagar,Available,11:34 PM
1898,+91 8940368455,15-01-2026,Pune,5h 00m,2128,1669,4.3/5,AC Sleeper,Nashik,Available,11:34 PM
1859,+91 7229753043,15-01-2026,Mumbai,8h 30m,2149,1569,4.1/5,Luxury AC,Solapur,Available,11:34 PM
1802,+91 9658132158,15-01-2026,Mumbai,14h 00m,2017,1588,4.4/5,Multi-Axle,Nagpur,Available,11:34 PM
2013,+91 6519745543,15-01-2026,Mumbai,7h 45m,2217,1810,3.9/5,Non-AC,Dhule,Available,11:34 PM
2419,+91 8425557623,14-01-2026,Mumbai,3h 15m,2629,2209,4.5/5,AC Seater,Pune,Available,11:34 PM
2587,+91 6291019249,14-01-2026,Pune,3h 30m,2765,2410,4.2/5,Volvo AC,Mumbai,Available,11:34 PM
1969,+91 7307727826,14-01-2026,Pune,4h 45m,2133,1805,4.0/5,AC Sleeper,Kolhapur,Available,11:34 PM
2687,+91 8244429136,14-01-2026,Nashik,4h 15m,2966,2408,3.8/5,Non-AC,SambhajiNagar,Available,11:34 PM
2039,+91 9052040482,14-01-2026,Pune,5h 00m,2269,1809,4.3/5,AC Sleeper,Nashik,Available,11:34 PM
1969,+91 6244043898,14-01-2026,Mumbai,8h 30m,2268,1671,4.1/5,Luxury AC,Solapur,Available,11:34 PM
3127,+91 7103600307,14-01-2026,Mumbai,14h 00m,3337,2918,4.4/5,Multi-Axle,Nagpur,Available,11:34 PM
2634,+91 9101933614,14-01-2026,Mumbai,7h 45m,2932,2336,3.9/5,Non-AC,Dhule,Available,11:34 PM
2531,+91 8113971986,13-01-2026,Mumbai,3h 15m,2700,2362,4.5/5,AC Seater,Pune,Available,11:34 PM
1974,+91 8245585871,13-01-2026,Pune,3h 30m,2174,1774,4.2/5,Volvo AC,Mumbai,Available,11:34 PM
2074,+91 6721063147,13-01-2026,Pune,4h 45m,2245,1904,4.0/5,AC Sleeper,Kolhapur,Available,11:34 PM
2314,+91 8014173465,13-01-2026,Nashik,4h 15m,2588,2041,3.8/5,Non-AC,SambhajiNagar,Available,11:34 PM
1718,+91 8070626133,13-01-2026,Pune,5h 00m,1933,1504,4.3/5,AC Sleeper,Nashik,Available,11:34 PM
3135,+91 6900100963,13-01-2026,Mumbai,8h 30m,3351,2920,4.1/5,Luxury AC,Solapur,Available,11:34 PM
3098,+91 8199583109,13-01-2026,Mumbai,14h 00m,3264,2932,4.4/5,Multi-Axle,Nagpur,Available,11:34 PM
2939,+91 9997769794,13-01-2026,Mumbai,7h 45m,3210,2668,3.9/5,Non-AC,Dhule,Available,11:34 PM
2553,+91 9121959122,12-01-2026,Mumbai,3h 15m,2820,2286,4.5/5,AC Seater,Pune,Available,11:34 PM
2087,+91 9361383797,12-01-2026,Pune,3h 30m,2295,1880,4.2/5,Volvo AC,Mumbai,Available,11:34 PM
2257,+91 8004907904,12-01-2026,Pune,4h 45m,2484,2031,4.0/5,AC Sleeper,Kolhapur,Available,11:34 PM
2544,+91 6486744061,12-01-2026,Nashik,4h 15m,2706,2383,3.8/5,Non-AC,SambhajiNagar,Available,11:34 PM
2762,+91 6511832928,12-01-2026,Pune,5h 00m,2920,2605,4.3/5,AC Sleeper,Nashik,Available,11:34 PM
2392,+91 8404814001,12-01-2026,Mumbai,8h 30m,2650,2134,4.1/5,Luxury AC,Solapur,Available,11:34 PM
2769,+91 9493876765,12-01-2026,Mumbai,14h 00m,3027,2511,4.4/5,Multi-Axle,Nagpur,Available,11:34 PM
2611,+91 7972648882,12-01-2026,Mumbai,7h 45m,2881,2342,3.9/5,Non-AC,Dhule,Available,11:34 PM
2220,+91 7478850344,11-01-2026,Mumbai,3h 15m,2504,1936,4.5/5,AC Seater,Pune,Available,11:34 PM
2590,+91 9766708929,11-01-2026,Pune,3h 30m,2756,2425,4.2/5,Volvo AC,Mumbai,Available,11:34 PM
2558,+91 6646651124,11-01-2026,Pune,4h 45m,2746,2371,4.0/5,AC Sleeper,Kolhapur,Available,11:34 PM
2727,+91 7342018516,11-01-2026,Nashik,4h 15m,2977,2478,3.8/5,Non-AC,SambhajiNagar,Available,11:34 PM
2499,+91 9014471777,11-01-2026,Pune,5h 00m,2733,2266,4.3/5,AC Sleeper,Nashik,Available,11:34 PM
3083,+91 8279418460,11-01-2026,Mumbai,8h 30m,3264,2902,4.1/5,Luxury AC,Solapur,Available,11:34 PM
3193,+91 6490501098,11-01-2026,Mumbai,14h 00m,3459,2928,4.4/5,Multi-Axle,Nagpur,Available,11:34 PM
2537,+91 7884713503,11-01-2026,Mumbai,7h 45m,2758,2316,3.9/5,Non-AC,Dhule,Available,11:34 PM
